{
    "total_runtime": 165.6129128932953,
    "num_documents": 6,
    "input_load_time": 0,
    "workflows": {
        "create_base_text_units": {
            "overall": 0.024981021881103516
        },
        "create_final_documents": {
            "overall": 0.01376199722290039
        },
        "extract_graph": {
            "overall": 76.25460290908813
        },
        "finalize_graph": {
            "overall": 3.679675817489624
        },
        "create_communities": {
            "overall": 0.026892900466918945
        },
        "create_final_text_units": {
            "overall": 0.016546010971069336
        },
        "create_community_reports": {
            "overall": 82.40469360351562
        },
        "generate_text_embeddings": {
            "overall": 3.183722972869873
        }
    }
}