{
    "total_runtime": 58.13498902320862,
    "num_documents": 7,
    "input_load_time": 0,
    "workflows": {
        "create_base_text_units": {
            "overall": 0.025750160217285156
        },
        "create_final_documents": {
            "overall": 0.014641284942626953
        },
        "extract_graph": {
            "overall": 27.17058777809143
        },
        "finalize_graph": {
            "overall": 3.680901050567627
        },
        "create_communities": {
            "overall": 0.022122859954833984
        },
        "create_final_text_units": {
            "overall": 0.018036842346191406
        },
        "create_community_reports": {
            "overall": 24.00287413597107
        },
        "generate_text_embeddings": {
            "overall": 3.1910598278045654
        }
    }
}