{
    "total_runtime": 4.20440411567688,
    "num_documents": 7,
    "input_load_time": 0,
    "workflows": {
        "create_base_text_units": {
            "overall": 0.035080909729003906
        },
        "create_final_documents": {
            "overall": 0.012803077697753906
        },
        "extract_graph": {
            "overall": 0.049263954162597656
        },
        "finalize_graph": {
            "overall": 3.679119110107422
        },
        "create_communities": {
            "overall": 0.020045757293701172
        },
        "create_final_text_units": {
            "overall": 0.017316818237304688
        },
        "create_community_reports": {
            "overall": 0.041114091873168945
        },
        "generate_text_embeddings": {
            "overall": 0.3305399417877197
        }
    }
}