{
    "total_runtime": 4.205284833908081,
    "num_documents": 9,
    "input_load_time": 0,
    "workflows": {
        "create_base_text_units": {
            "overall": 0.03413105010986328
        },
        "create_final_documents": {
            "overall": 0.01404118537902832
        },
        "extract_graph": {
            "overall": 0.060736894607543945
        },
        "finalize_graph": {
            "overall": 3.644881010055542
        },
        "create_communities": {
            "overall": 0.021999835968017578
        },
        "create_final_text_units": {
            "overall": 0.019232988357543945
        },
        "create_community_reports": {
            "overall": 0.054847002029418945
        },
        "generate_text_embeddings": {
            "overall": 0.34604501724243164
        }
    }
}