{
    "total_runtime": 4.256353855133057,
    "num_documents": 9,
    "input_load_time": 0,
    "workflows": {
        "create_base_text_units": {
            "overall": 0.0281829833984375
        },
        "create_final_documents": {
            "overall": 0.01481318473815918
        },
        "extract_graph": {
            "overall": 0.07066011428833008
        },
        "finalize_graph": {
            "overall": 3.6828229427337646
        },
        "create_communities": {
            "overall": 0.021574974060058594
        },
        "create_final_text_units": {
            "overall": 0.01815509796142578
        },
        "create_community_reports": {
            "overall": 0.0545191764831543
        },
        "generate_text_embeddings": {
            "overall": 0.3583550453186035
        }
    }
}