{
    "total_runtime": 40.15626001358032,
    "num_documents": 9,
    "input_load_time": 0,
    "workflows": {
        "create_base_text_units": {
            "overall": 0.029796123504638672
        },
        "create_final_documents": {
            "overall": 0.014202117919921875
        },
        "extract_graph": {
            "overall": 0.08104300498962402
        },
        "finalize_graph": {
            "overall": 4.180954217910767
        },
        "create_communities": {
            "overall": 0.024752140045166016
        },
        "create_final_text_units": {
            "overall": 0.020732879638671875
        },
        "create_community_reports": {
            "overall": 33.86654996871948
        },
        "generate_text_embeddings": {
            "overall": 1.929076910018921
        }
    }
}